"name","type","n","missing","unique","mean","median","mode","mode_value","sd","v","min","max","range","skew","skew_2se","kurt","kurt_2se","category","description"
"condition","character",89,0,6,NA,NA,24,"nothing",NA,0.785506880444388,NA,NA,NA,NA,NA,NA,NA,NA,NA
"hangtime","numeric",89,0,89,24.841211845771,25.6694329962464,25.6694329962464,NA,9.95694880473756,NA,0.355384594189182,46.8706911590121,46.5153065648229,-0.217519531875026,-0.425824940474874,-0.198256464678676,-0.196056279974182,NA,NA
